Region_id, Zip_code, NW_point, SE_point
1, 10027, (40.817419,73.973054), (40.802380,73.943056)